{"type":"Topology","arcs":[[[37370,65888],[-3173,-1084],[-2132,240],[-619,-1341],[-3860,-1922],[-3327,11],[-1384,91],[-3911,-1083],[-2330,-321],[-2619,469],[-10152,-20]],[[3863,60928],[-890,5813],[-1140,7450],[-769,5019],[-901,6283],[-163,1496],[40,4583],[2002,0],[1017,1151],[1761,1427],[1175,736],[2349,1171],[1364,566],[2133,763],[2059,608],[3134,726],[2882,518],[3282,404],[3189,247],[3136,110],[4207,-60],[2825,-138],[2648,-218],[2379,-304],[3715,-636],[3471,-802],[3056,-924],[-4444,-864],[-1674,-673],[-223,-436],[-960,-230],[-1324,-1600],[-666,-586],[-415,-775],[47,-459],[-277,-326],[-852,144],[-824,-339],[-662,-699],[-1476,-320],[-254,-177],[-95,-605],[-2703,468],[-4392,-2586],[-3365,-410],[-3355,-2093],[-400,-433],[413,-1336],[1120,-608],[1535,-389],[2788,-1141],[1157,-395],[-351,-269],[-504,-1291],[-135,-963],[1302,-486],[-839,-879],[-1284,67],[-1526,-925],[-722,-1237],[491,-1324],[1250,-722],[172,-209],[1072,-389],[-114,-258],[2154,-616],[2348,-998],[343,-512],[1675,-1283],[1515,-1867]],[[28001,83015],[2907,-810],[-641,-643],[-1898,190],[-802,536],[434,727]],[[29474,84697],[1534,220],[-23,-404],[506,-1324],[-819,-44],[-778,614],[-550,709],[130,229]],[[8932,27290],[22675,418],[4673,1447],[1658,1672],[2394,772],[761,1015],[2658,544],[8614,508],[50,2065],[1069,513],[1687,557],[4113,-1040],[3912,433],[1263,-543]],[[64459,35651],[1266,-498],[-1315,-1038],[1109,-824],[5536,-2579],[4201,-2384],[3608,-1504],[1997,-1190],[4261,-1201],[3379,-572],[2796,54],[1245,233],[753,1203],[641,63],[585,-476],[989,-1804],[397,-2443],[1853,-5562],[39,-2063],[446,-1695],[255,-83],[1390,-8740],[109,-2530],[-18449,-18],[-25096,79],[-7796,40],[-9654,107],[-8083,103],[-9534,167],[-4378,62],[-4147,99],[-711,4458],[-189,1493],[-970,6674],[-746,5059],[-1314,8949]],[[37370,65888],[959,-468],[1502,-328],[319,-199],[-314,-379],[506,-271],[2845,-865],[1203,-186],[2892,-1070],[282,-288],[211,-915],[1003,-838],[2646,-1466],[731,-726],[-400,-792],[29,-1426],[1192,-554],[524,-838],[-240,-1164],[-723,-136],[-1098,-853],[-319,-1323],[1275,-4862],[-114,-1576],[778,-648],[1130,-483],[1087,-172],[4610,-1724],[658,-353],[3046,-2289],[460,-534],[452,-946],[-127,-1194],[84,-371]],[[8932,27290],[-719,4728],[-1931,12899],[-487,2924],[-482,3595],[-226,932],[-665,4915],[-559,3645]]],"transform":{"scale":[0.000007399633993696357,0.000013881868823375987],"translate":[-75.78889500013585,38.451011999837526]},"objects":{"counties":{"type":"GeometryCollection","geometries":[{"arcs":[[[0,1]],[[2]],[[3]]],"type":"MultiPolygon","properties":{"name":"New Castle","id":"10003"}},{"arcs":[[4,5]],"type":"Polygon","properties":{"name":"Sussex","id":"10005"}},{"arcs":[[-1,6,-5,7]],"type":"Polygon","properties":{"name":"Kent","id":"10001"}}]}}}